日期,开盘,收盘,最高,最低,成交量,成交额,振幅,涨跌幅,涨跌额,换手率
2023-09-14,0.993,0.986,0.993,0.98,1844869,182342966.0,1.3,-1.1,-0.011,7.5
2023-09-15,0.987,0.987,0.994,0.982,989807,97704051.0,1.22,0.1,0.001,4.03
2023-09-18,0.987,0.994,0.996,0.98,1137413,112949806.0,1.62,0.71,0.007,4.63
2023-09-19,0.993,0.983,0.993,0.98,632117,62164243.0,1.31,-1.11,-0.011,2.57
2023-09-20,0.98,0.972,0.982,0.971,1065426,104060465.0,1.12,-1.12,-0.011,4.33
2023-09-21,0.969,0.964,0.974,0.962,465599,45027902.0,1.23,-0.82,-0.008,1.89
2023-09-22,0.962,0.984,0.984,0.959,922011,89819081.0,2.59,2.07,0.02,3.75
2023-09-25,0.98,0.982,0.987,0.977,543716,53422743.0,1.02,-0.2,-0.002,2.21
2023-09-26,0.979,0.979,0.984,0.976,670257,65670964.0,0.81,-0.31,-0.003,2.73
2023-09-27,0.979,0.981,0.988,0.974,608291,59742968.0,1.43,0.2,0.002,2.47
2023-09-28,0.986,0.994,0.996,0.985,870468,86227521.0,1.12,1.33,0.013,3.54
2023-10-09,0.99,0.992,0.994,0.986,943219,93401753.0,0.8,-0.2,-0.002,3.84
2023-10-10,0.993,0.988,0.996,0.987,737504,73173548.0,0.91,-0.4,-0.004,3.0
2023-10-11,0.991,0.991,0.995,0.984,704797,69827263.0,1.11,0.3,0.003,2.87
2023-10-12,1.0,0.996,1.0,0.989,565600,56158577.0,1.11,0.5,0.005,2.3
2023-10-13,0.994,0.99,0.994,0.989,384682,38101207.0,0.5,-0.6,-0.006,1.56
2023-10-16,0.983,0.983,0.992,0.979,484358,47629069.0,1.31,-0.71,-0.007,1.97
2023-10-17,0.983,0.98,0.983,0.973,409933,40039685.0,1.02,-0.31,-0.003,1.67
2023-10-18,0.976,0.962,0.976,0.96,782426,75479404.0,1.63,-1.84,-0.018,3.18
2023-10-19,0.958,0.957,0.97,0.953,598308,57549083.0,1.77,-0.52,-0.005,2.43
2023-10-20,0.953,0.946,0.96,0.942,827267,78633243.0,1.88,-1.15,-0.011,3.36
2023-10-23,0.938,0.919,0.941,0.915,817938,75823145.0,2.75,-2.85,-0.027,3.33
2023-10-24,0.925,0.94,0.944,0.919,673912,63108283.0,2.72,2.29,0.021,2.74
2023-10-25,0.947,0.958,0.961,0.941,543877,52034119.0,2.13,1.91,0.018,2.21
2023-10-26,0.953,0.964,0.966,0.942,748132,71595859.0,2.51,0.63,0.006,3.04
2023-10-27,0.96,0.975,0.979,0.957,713364,69031689.0,2.28,1.14,0.011,2.9
2023-10-30,0.974,0.985,0.987,0.971,687282,67386072.0,1.64,1.03,0.01,2.8
2023-10-31,0.984,0.976,0.986,0.974,631647,62006564.0,1.22,-0.91,-0.009,2.57
2023-11-01,0.979,0.982,0.985,0.977,751708,73803663.0,0.82,0.61,0.006,3.06
2023-11-02,0.982,0.972,0.988,0.971,515970,50457835.0,1.73,-1.02,-0.01,2.1
2023-11-03,0.972,0.984,0.987,0.972,466662,45862827.0,1.54,1.23,0.012,1.9
2023-11-06,0.989,1.005,1.005,0.986,830507,83071644.0,1.93,2.13,0.021,3.38
2023-11-07,1.001,1.014,1.017,1.001,817216,82456123.0,1.59,0.9,0.009,3.32
2023-11-08,1.014,1.02,1.022,1.011,652998,66449372.0,1.08,0.59,0.006,2.66
2023-11-09,1.024,1.014,1.024,1.009,769732,78068007.0,1.47,-0.59,-0.006,3.13
2023-11-10,1.01,1.009,1.013,1.003,683519,68964670.0,0.99,-0.49,-0.005,2.78
2023-11-13,1.013,1.023,1.024,1.011,598274,60851296.0,1.29,1.39,0.014,2.43
2023-11-14,1.02,1.028,1.03,1.019,700586,71766771.0,1.08,0.49,0.005,2.85
2023-11-15,1.045,1.036,1.045,1.03,753869,78022513.0,1.46,0.78,0.008,3.07
2023-11-16,1.036,1.033,1.039,1.028,768214,79535456.0,1.06,-0.29,-0.003,3.12
2023-11-17,1.028,1.042,1.044,1.027,623624,64614836.0,1.65,0.87,0.009,2.54
2023-11-20,1.044,1.05,1.054,1.04,1013635,106235069.0,1.34,0.77,0.008,4.12
2023-11-21,1.052,1.043,1.054,1.04,825407,86483971.0,1.33,-0.67,-0.007,3.36
2023-11-22,1.038,1.034,1.048,1.032,548697,57060427.0,1.53,-0.86,-0.009,2.23
2023-11-23,1.034,1.043,1.044,1.027,818097,84834363.0,1.64,0.87,0.009,3.33
2023-11-24,1.041,1.026,1.041,1.022,939899,96671497.0,1.82,-1.63,-0.017,3.82
2023-11-27,1.021,1.027,1.031,1.02,663062,67958000.0,1.07,0.1,0.001,2.7
2023-11-28,1.027,1.037,1.038,1.021,936206,96549857.0,1.66,0.97,0.01,3.81
2023-11-29,1.035,1.03,1.038,1.027,607268,62776499.0,1.06,-0.68,-0.007,2.47
2023-11-30,1.026,1.025,1.031,1.012,906920,92600457.0,1.84,-0.49,-0.005,3.69
2023-12-01,1.022,1.036,1.038,1.02,865406,88928840.0,1.76,1.07,0.011,3.52
2023-12-04,1.039,1.033,1.039,1.032,698035,72233304.0,0.68,-0.29,-0.003,2.84
2023-12-05,1.029,1.015,1.033,1.012,835736,85553480.0,2.03,-1.74,-0.018,3.4
2023-12-06,1.01,1.019,1.028,1.009,813185,82976694.0,1.87,0.39,0.004,3.31
2023-12-07,1.019,1.017,1.022,1.012,671709,68227687.0,0.98,-0.2,-0.002,2.73
2023-12-08,1.017,1.002,1.02,1.002,978788,98968269.0,1.77,-1.47,-0.015,3.98
2023-12-11,0.994,1.015,1.017,0.991,816871,82047571.0,2.59,1.3,0.013,3.32
2023-12-12,1.015,1.019,1.02,1.012,532944,54157908.0,0.79,0.39,0.004,2.17
2023-12-13,1.015,1.016,1.025,1.014,844170,86013861.0,1.08,-0.29,-0.003,3.43
2023-12-14,1.016,1.011,1.022,1.009,581990,59204138.0,1.28,-0.49,-0.005,2.37
2023-12-15,1.013,1.007,1.014,1.003,642984,64870355.0,1.09,-0.4,-0.004,2.62
2023-12-18,1.006,0.993,1.006,0.991,591588,59127143.0,1.49,-1.39,-0.014,2.41
2023-12-19,0.99,0.994,0.998,0.988,639508,63451996.0,1.01,0.1,0.001,2.6
2023-12-20,0.996,0.985,0.998,0.984,698195,69400638.0,1.41,-0.91,-0.009,2.84
2023-12-21,0.979,0.995,0.996,0.967,1107365,108488759.0,2.94,1.02,0.01,4.5
2023-12-22,0.992,0.978,0.996,0.974,841690,83174410.0,2.21,-1.71,-0.017,3.42
2023-12-25,0.977,0.976,0.979,0.967,926024,90101646.0,1.23,-0.2,-0.002,3.77
2023-12-26,0.974,0.963,0.974,0.96,1114745,107641417.0,1.43,-1.33,-0.013,4.53
2023-12-27,0.968,0.969,0.973,0.958,1780492,171984139.0,1.56,0.62,0.006,7.24
2023-12-28,0.965,0.99,0.995,0.963,2169266,213860758.0,3.3,2.17,0.021,8.82
2023-12-29,0.99,1.011,1.012,0.989,1819095,182935338.0,2.32,2.12,0.021,7.4
2024-01-02,1.016,1.011,1.016,1.006,3022843,305357636.0,0.99,0.0,0.0,12.29
2024-01-03,0.996,1.006,1.012,0.992,2190489,219841949.0,1.98,-0.49,-0.005,8.91
2024-01-04,1.002,1.008,1.009,0.998,1626046,162896012.0,1.09,0.2,0.002,6.61
2024-01-05,1.004,0.983,1.009,0.979,1355015,134869718.0,2.98,-2.48,-0.025,5.51
2024-01-08,0.981,0.965,0.983,0.964,1063849,103922723.0,1.93,-1.83,-0.018,4.33
2024-01-09,0.968,0.978,0.986,0.968,1054957,103080859.0,1.87,1.35,0.013,4.29
2024-01-10,0.975,0.967,0.978,0.958,819272,79177269.0,2.04,-1.12,-0.011,3.33
2024-01-11,0.964,0.987,0.988,0.963,854088,83526529.0,2.59,2.07,0.02,3.47
2024-01-12,0.983,0.977,0.995,0.973,986120,97301408.0,2.23,-1.01,-0.01,4.01
2024-01-15,0.974,0.977,0.984,0.969,513777,50137722.0,1.54,0.0,0.0,2.09
2024-01-16,0.975,0.977,0.979,0.96,1657522,160415682.0,1.94,0.0,0.0,6.74
2024-01-17,0.97,0.953,0.974,0.952,723336,69716794.0,2.25,-2.46,-0.024,2.94
2024-01-18,0.946,0.95,0.951,0.92,932493,87080525.0,3.25,-0.31,-0.003,3.79
2024-01-19,0.939,0.933,0.948,0.931,653303,61355242.0,1.79,-1.79,-0.017,2.66
2024-01-22,0.93,0.874,0.93,0.867,1043020,94042804.0,6.75,-6.32,-0.059,4.24
2024-01-23,0.866,0.876,0.883,0.858,1336051,116547479.0,2.86,0.23,0.002,5.43
2024-01-24,0.881,0.89,0.893,0.859,904887,79615062.0,3.88,1.6,0.014,3.68
2024-01-25,0.888,0.922,0.924,0.882,1066494,96823064.0,4.72,3.6,0.032,4.34
2024-01-26,0.919,0.918,0.934,0.913,1129495,104481167.0,2.28,-0.43,-0.004,4.59
2024-01-29,0.92,0.885,0.921,0.884,918095,82468842.0,4.03,-3.59,-0.033,3.73
2024-01-30,0.879,0.858,0.887,0.856,676227,59002269.0,3.5,-3.05,-0.027,2.75
2024-01-31,0.848,0.819,0.858,0.816,987735,82699209.0,4.9,-4.55,-0.039,4.02
2024-02-01,0.812,0.806,0.824,0.792,1222880,99145811.0,3.91,-1.59,-0.013,4.97
2024-02-02,0.806,0.769,0.819,0.749,1515202,119277080.0,8.68,-4.59,-0.037,6.16
2024-02-05,0.753,0.706,0.761,0.695,3245684,232117837.0,8.58,-8.19,-0.063,13.2
2024-02-06,0.689,0.731,0.746,0.66,5934859,420364456.0,12.18,3.54,0.025,24.14
2024-02-07,0.722,0.712,0.739,0.697,9299321,670223213.0,5.75,-2.6,-0.019,37.82
2024-02-08,0.74,0.783,0.783,0.71,74312385,5566379802.0,10.25,9.97,0.071,302.25
2024-02-19,0.779,0.799,0.801,0.752,50451202,3948686840.0,6.26,2.04,0.016,205.2
2024-02-20,0.79,0.802,0.806,0.779,21917709,1736704660.0,3.38,0.38,0.003,89.14
2024-02-21,0.792,0.805,0.833,0.784,20316880,1642422808.0,6.11,0.37,0.003,82.63
2024-02-22,0.81,0.827,0.828,0.802,13039927,1064572110.0,3.23,2.73,0.022,53.04
2024-02-23,0.83,0.856,0.857,0.823,12166848,1021998278.0,4.11,3.51,0.029,49.49
2024-02-26,0.858,0.867,0.882,0.85,14119008,1220266565.0,3.74,1.29,0.011,57.43
2024-02-27,0.861,0.893,0.895,0.855,11651345,1020153380.0,4.61,3.0,0.026,47.39
2024-02-28,0.893,0.832,0.907,0.828,20901768,1814337095.0,8.85,-6.83,-0.061,85.01
2024-02-29,0.824,0.868,0.869,0.821,11281184,957799145.0,5.77,4.33,0.036,45.88
2024-03-01,0.87,0.882,0.885,0.865,8519837,743996817.0,2.3,1.61,0.014,34.65
2024-03-04,0.88,0.885,0.887,0.863,6153519,540200540.0,2.72,0.34,0.003,25.03
2024-03-05,0.879,0.872,0.883,0.868,5348202,468259178.0,1.69,-1.47,-0.013,21.75
2024-03-06,0.867,0.884,0.89,0.865,4417510,387949146.0,2.87,1.38,0.012,17.97
2024-03-07,0.884,0.874,0.894,0.872,4185820,369604792.0,2.49,-1.13,-0.01,17.02
2024-03-08,0.871,0.886,0.891,0.87,4316373,379743463.0,2.4,1.37,0.012,17.56
2024-03-11,0.884,0.908,0.909,0.883,2856958,256350555.0,2.93,2.48,0.022,11.62
2024-03-12,0.909,0.915,0.917,0.899,3365176,306099473.0,1.98,0.77,0.007,13.69
2024-03-13,0.915,0.918,0.926,0.909,2603679,238925859.0,1.86,0.33,0.003,10.59
2024-03-14,0.915,0.909,0.921,0.897,2732480,248913580.0,2.61,-0.98,-0.009,11.11
2024-03-15,0.906,0.924,0.925,0.904,2098203,192079748.0,2.31,1.65,0.015,8.53
2024-03-18,0.925,0.943,0.943,0.921,3749711,350301114.0,2.38,2.06,0.019,15.25
2024-03-19,0.938,0.935,0.944,0.933,2829974,265718261.0,1.17,-0.85,-0.008,11.51
2024-03-20,0.934,0.946,0.946,0.933,2820290,265442049.0,1.39,1.18,0.011,11.47
2024-03-21,0.947,0.944,0.95,0.935,3541498,333689791.0,1.59,-0.21,-0.002,14.4
2024-03-22,0.94,0.933,0.943,0.922,3269510,304274328.0,2.22,-1.17,-0.011,13.3
2024-03-25,0.928,0.911,0.937,0.91,3741776,345808662.0,2.89,-2.36,-0.022,15.22
2024-03-26,0.91,0.909,0.917,0.895,3087274,279876835.0,2.41,-0.22,-0.002,12.56
2024-03-27,0.908,0.881,0.91,0.879,2075864,185575203.0,3.41,-3.08,-0.028,8.44
2024-03-28,0.878,0.904,0.913,0.868,4052066,365411789.0,5.11,2.61,0.023,16.48
2024-03-29,0.902,0.914,0.914,0.897,3106552,281766510.0,1.88,1.11,0.01,12.64
2024-04-01,0.917,0.932,0.933,0.917,1817924,168273838.0,1.75,1.97,0.018,7.39
2024-04-02,0.931,0.928,0.931,0.92,1979352,183362185.0,1.18,-0.43,-0.004,8.05
2024-04-03,0.923,0.919,0.926,0.909,1881632,172450153.0,1.83,-0.97,-0.009,7.65
2024-04-08,0.914,0.901,0.916,0.9,1633502,148358253.0,1.74,-1.96,-0.018,6.64
2024-04-09,0.898,0.916,0.917,0.898,1685018,153091580.0,2.11,1.66,0.015,6.85
2024-04-10,0.913,0.893,0.913,0.884,2277571,203847625.0,3.17,-2.51,-0.023,9.26
2024-04-11,0.887,0.898,0.906,0.883,2219208,199435344.0,2.58,0.56,0.005,9.03
2024-04-12,0.895,0.892,0.903,0.89,1709771,153283982.0,1.45,-0.67,-0.006,6.95
2024-04-15,0.888,0.86,0.893,0.849,3167170,274337083.0,4.93,-3.59,-0.032,12.88
2024-04-16,0.851,0.827,0.856,0.809,5453668,449111104.0,5.47,-3.84,-0.033,22.18
2024-04-17,0.834,0.864,0.866,0.813,7940952,666925603.0,6.41,4.47,0.037,32.3
2024-04-18,0.852,0.851,0.865,0.844,5731662,488927623.0,2.43,-1.5,-0.013,23.31
2024-04-19,0.848,0.85,0.86,0.843,3265989,277652832.0,2.0,-0.12,-0.001,13.28
2024-04-22,0.845,0.846,0.855,0.83,1175290,98986006.0,2.94,-0.47,-0.004,4.78
2024-04-23,0.846,0.849,0.857,0.845,1739631,148100182.0,1.42,0.35,0.003,7.08
2024-04-24,0.852,0.869,0.87,0.85,2035227,175203980.0,2.36,2.36,0.02,8.28
2024-04-25,0.863,0.866,0.875,0.859,1524429,132364864.0,1.84,-0.35,-0.003,6.2
2024-04-26,0.867,0.88,0.883,0.861,2026439,177208600.0,2.54,1.62,0.014,8.24
2024-04-29,0.881,0.903,0.903,0.88,2206691,197369457.0,2.61,2.61,0.023,8.98
2024-04-30,0.902,0.894,0.903,0.887,1396670,125019839.0,1.77,-1.0,-0.009,5.68
2024-05-06,0.908,0.911,0.912,0.903,1368265,124288666.0,1.01,1.9,0.017,5.57
2024-05-07,0.909,0.915,0.916,0.906,1231254,112316802.0,1.1,0.44,0.004,5.01
2024-05-08,0.913,0.903,0.914,0.901,1991366,180330442.0,1.42,-1.31,-0.012,8.1
2024-05-09,0.9,0.912,0.918,0.9,1090691,99635790.0,1.99,1.0,0.009,4.44
2024-05-10,0.915,0.903,0.916,0.901,1333724,120918721.0,1.64,-0.99,-0.009,5.42
2024-05-13,0.899,0.892,0.899,0.887,1206043,107677820.0,1.33,-1.22,-0.011,4.91
2024-05-14,0.895,0.898,0.903,0.892,840711,75491357.0,1.23,0.67,0.006,3.42
2024-05-15,0.894,0.89,0.902,0.889,670198,60019894.0,1.45,-0.89,-0.008,2.73
2024-05-16,0.893,0.896,0.904,0.892,787124,70760627.0,1.35,0.67,0.006,3.2
2024-05-17,0.895,0.903,0.905,0.89,979223,88064485.0,1.67,0.78,0.007,3.98
2024-05-20,0.903,0.906,0.909,0.902,955015,86426207.0,0.78,0.33,0.003,3.88
2024-05-21,0.901,0.897,0.905,0.896,852541,76678586.0,0.99,-0.99,-0.009,3.47
2024-05-22,0.895,0.904,0.906,0.895,634980,57275880.0,1.23,0.78,0.007,2.58
2024-05-23,0.9,0.884,0.901,0.881,1020105,90481852.0,2.21,-2.21,-0.02,4.15
2024-05-24,0.882,0.875,0.89,0.874,779791,68785179.0,1.81,-1.02,-0.009,3.17
2024-05-27,0.877,0.883,0.887,0.866,786854,68689926.0,2.4,0.91,0.008,3.2
2024-05-28,0.88,0.876,0.884,0.875,680364,59870846.0,1.02,-0.79,-0.007,2.77
2024-05-29,0.875,0.877,0.884,0.872,658085,57861235.0,1.37,0.11,0.001,2.68
2024-05-30,0.875,0.871,0.881,0.867,803581,70183452.0,1.6,-0.68,-0.006,3.27
2024-05-31,0.872,0.877,0.881,0.871,671566,58869309.0,1.15,0.69,0.006,2.73
2024-06-03,0.874,0.861,0.875,0.854,1028271,88998884.0,2.39,-1.82,-0.016,4.18
2024-06-04,0.855,0.854,0.858,0.843,1393207,118361574.0,1.74,-0.81,-0.007,5.67
2024-06-05,0.852,0.837,0.852,0.836,2136476,180578921.0,1.87,-1.99,-0.017,8.69
2024-06-06,0.84,0.825,0.841,0.802,7296906,595150273.0,4.66,-1.43,-0.012,29.68
2024-06-07,0.824,0.818,0.83,0.808,5837191,477233010.0,2.67,-0.85,-0.007,23.74
2024-06-11,0.815,0.823,0.826,0.803,3956192,322468795.0,2.81,0.61,0.005,16.09
2024-06-12,0.82,0.835,0.837,0.82,4245683,352953861.0,2.07,1.46,0.012,17.27
2024-06-13,0.834,0.831,0.838,0.829,3065638,255162407.0,1.08,-0.48,-0.004,12.47
2024-06-14,0.827,0.832,0.833,0.821,1274167,105638036.0,1.44,0.12,0.001,5.18
2024-06-17,0.829,0.827,0.833,0.823,853637,70779418.0,1.2,-0.6,-0.005,3.47
2024-06-18,0.826,0.841,0.842,0.826,1462059,122211693.0,1.93,1.69,0.014,5.95
2024-06-19,0.84,0.835,0.843,0.832,1230970,103026267.0,1.31,-0.71,-0.006,5.01
2024-06-20,0.835,0.816,0.835,0.815,1230057,101300408.0,2.4,-2.28,-0.019,5.0
2024-06-21,0.812,0.816,0.822,0.808,1001925,81849016.0,1.72,0.0,0.0,4.08
2024-06-24,0.807,0.785,0.809,0.782,2113629,167530512.0,3.31,-3.8,-0.031,8.6
2024-06-25,0.785,0.785,0.793,0.777,1540889,120982099.0,2.04,0.0,0.0,6.27
2024-06-26,0.779,0.807,0.808,0.775,2919583,232064698.0,4.2,2.8,0.022,11.87
2024-06-27,0.8,0.788,0.806,0.787,2480901,197711855.0,2.35,-2.35,-0.019,10.09
2024-06-28,0.785,0.794,0.805,0.783,2047283,163365868.0,2.79,0.76,0.006,8.33
2024-07-01,0.789,0.801,0.802,0.785,1489251,118094220.0,2.14,0.88,0.007,6.06
2024-07-02,0.8,0.799,0.806,0.795,1099467,88107920.0,1.37,-0.25,-0.002,4.47
2024-07-03,0.799,0.791,0.8,0.79,879142,69725097.0,1.25,-1.0,-0.008,3.58
2024-07-04,0.791,0.771,0.793,0.767,1928474,149973222.0,3.29,-2.53,-0.02,7.84
2024-07-05,0.767,0.776,0.781,0.758,2270248,175018765.0,2.98,0.65,0.005,9.23
2024-07-08,0.77,0.755,0.774,0.754,1773114,135234700.0,2.58,-2.71,-0.021,7.21
2024-07-09,0.752,0.77,0.77,0.743,3067770,232935324.0,3.58,1.99,0.015,12.48
2024-07-10,0.765,0.764,0.773,0.761,2264161,173529317.0,1.56,-0.78,-0.006,9.21
2024-07-11,0.776,0.792,0.793,0.774,2510801,196689453.0,2.49,3.66,0.028,10.21
2024-07-12,0.791,0.788,0.794,0.783,1754821,138344977.0,1.39,-0.51,-0.004,7.14
2024-07-15,0.784,0.774,0.785,0.772,1311750,101855439.0,1.65,-1.78,-0.014,5.34
2024-07-16,0.77,0.775,0.777,0.767,1377952,106486506.0,1.29,0.13,0.001,5.6
2024-07-17,0.773,0.765,0.775,0.762,1784696,136851404.0,1.68,-1.29,-0.01,7.26
2024-07-18,0.758,0.762,0.765,0.747,3039553,229299236.0,2.35,-0.39,-0.003,12.36
2024-07-19,0.756,0.764,0.771,0.756,2792448,213650502.0,1.97,0.26,0.002,11.36
2024-07-22,0.763,0.769,0.772,0.762,1812341,139104946.0,1.31,0.65,0.005,7.37
2024-07-23,0.768,0.754,0.774,0.753,1632721,124804777.0,2.73,-1.95,-0.015,6.64
2024-07-24,0.75,0.743,0.757,0.741,1773848,132384411.0,2.12,-1.46,-0.011,7.21
2024-07-25,0.738,0.745,0.754,0.735,1874936,139517766.0,2.56,0.27,0.002,7.63
2024-07-26,0.744,0.759,0.759,0.744,1901306,143428366.0,2.01,1.88,0.014,7.73
2024-07-29,0.757,0.759,0.763,0.752,1612721,122069737.0,1.45,0.0,0.0,6.56
2024-07-30,0.756,0.766,0.769,0.755,1609566,122882827.0,1.84,0.92,0.007,6.55
2024-07-31,0.762,0.794,0.795,0.761,3885748,304845782.0,4.44,3.66,0.028,15.8
2024-08-01,0.793,0.795,0.799,0.789,2253237,179099683.0,1.26,0.13,0.001,9.16
2024-08-02,0.787,0.784,0.798,0.782,2483858,196318033.0,2.01,-1.38,-0.011,10.1
2024-08-05,0.777,0.763,0.792,0.762,2233450,173026575.0,3.83,-2.68,-0.021,9.08
2024-08-06,0.777,0.78,0.781,0.768,2183227,169000485.0,1.7,2.23,0.017,8.88
2024-08-07,0.778,0.78,0.786,0.776,1197613,93532524.0,1.28,0.0,0.0,4.87
2024-08-08,0.775,0.778,0.783,0.768,1656040,128430855.0,1.92,-0.26,-0.002,6.74
2024-08-09,0.778,0.773,0.783,0.771,1144000,89017154.0,1.54,-0.64,-0.005,4.65
2024-08-12,0.768,0.766,0.773,0.762,971962,74541899.0,1.42,-0.91,-0.007,3.95
2024-08-13,0.767,0.772,0.772,0.758,1059828,81084560.0,1.83,0.78,0.006,4.31
2024-08-14,0.771,0.769,0.775,0.767,969062,74653644.0,1.04,-0.39,-0.003,3.94
2024-08-15,0.765,0.779,0.781,0.763,1832470,142120738.0,2.34,1.3,0.01,7.45
2024-08-16,0.779,0.775,0.783,0.775,1004380,78210689.0,1.03,-0.51,-0.004,4.09
2024-08-19,0.775,0.773,0.781,0.77,1481978,114727568.0,1.42,-0.26,-0.002,6.03
2024-08-20,0.771,0.759,0.771,0.756,1309781,99833940.0,1.94,-1.81,-0.014,5.33
2024-08-21,0.755,0.758,0.761,0.755,840530,63688948.0,0.79,-0.13,-0.001,3.42
2024-08-22,0.756,0.747,0.76,0.74,1249813,93643077.0,2.64,-1.45,-0.011,5.08
2024-08-23,0.741,0.741,0.746,0.734,1218895,90237631.0,1.61,-0.8,-0.006,4.96
2024-08-26,0.738,0.75,0.751,0.738,2631801,196696124.0,1.75,1.21,0.009,10.7
2024-08-27,0.747,0.738,0.747,0.735,1448764,107261960.0,1.6,-1.6,-0.012,5.89
2024-08-28,0.736,0.74,0.747,0.732,1946986,144188428.0,2.03,0.27,0.002,7.92
2024-08-29,0.735,0.752,0.755,0.73,2191623,163588477.0,3.38,1.62,0.012,8.91
2024-08-30,0.75,0.769,0.779,0.75,3165395,242900939.0,3.86,2.26,0.017,12.87
2024-09-02,0.765,0.754,0.771,0.754,2499097,190740647.0,2.21,-1.95,-0.015,10.16
2024-09-03,0.753,0.765,0.767,0.753,3317164,252477420.0,1.86,1.46,0.011,13.49
2024-09-04,0.758,0.758,0.767,0.755,1494987,113787300.0,1.57,-0.92,-0.007,6.08
2024-09-05,0.758,0.768,0.77,0.758,1684578,128929882.0,1.58,1.32,0.01,6.85
2024-09-06,0.77,0.755,0.771,0.751,1606406,121819398.0,2.6,-1.69,-0.013,6.53
2024-09-09,0.749,0.75,0.756,0.742,1317003,98688942.0,1.85,-0.66,-0.005,5.36
2024-09-10,0.751,0.752,0.757,0.739,1626576,121647835.0,2.4,0.27,0.002,6.62
2024-09-11,0.748,0.747,0.754,0.744,1162812,87083740.0,1.33,-0.66,-0.005,4.73
2024-09-12,0.749,0.747,0.758,0.746,1396642,105089540.0,1.61,0.0,0.0,5.68
2024-09-13,0.747,0.735,0.748,0.734,1266946,93653106.0,1.87,-1.61,-0.012,5.15
2024-09-18,0.733,0.73,0.736,0.72,1664646,121109623.0,2.18,-0.68,-0.005,6.77
2024-09-19,0.732,0.75,0.753,0.731,3282716,244137838.0,3.01,2.74,0.02,13.35
2024-09-20,0.746,0.746,0.749,0.741,1779938,132562103.0,1.07,-0.53,-0.004,7.24
2024-09-23,0.747,0.747,0.753,0.742,1374801,102905833.0,1.47,0.13,0.001,5.59
2024-09-24,0.755,0.775,0.777,0.747,5035899,384162796.0,4.02,3.75,0.028,20.48
2024-09-25,0.779,0.782,0.797,0.776,4620295,362961630.0,2.71,0.9,0.007,18.79
2024-09-26,0.775,0.809,0.81,0.775,3921602,310990529.0,4.48,3.45,0.027,15.95
2024-09-27,0.824,0.881,0.887,0.814,3744980,315323612.0,9.02,8.9,0.072,15.23
2024-09-30,0.9,0.958,0.965,0.859,19951965,1828516861.0,12.03,8.74,0.077,81.15
2024-10-08,1.054,1.037,1.054,0.9,14125605,1426133479.0,16.08,8.25,0.079,57.45
2024-10-09,0.982,0.933,0.99,0.933,9809359,937640063.0,5.5,-10.03,-0.104,39.9
2024-10-10,0.93,0.92,0.95,0.904,6043391,561244873.0,4.93,-1.39,-0.013,24.58
2024-10-11,0.91,0.886,0.918,0.874,5152339,460417182.0,4.78,-3.7,-0.034,20.96
2024-10-14,0.889,0.917,0.918,0.877,4886689,440567255.0,4.63,3.5,0.031,19.88
2024-10-15,0.905,0.903,0.934,0.902,3426610,315197903.0,3.49,-1.53,-0.014,13.94
2024-10-16,0.889,0.91,0.92,0.886,3603506,326867702.0,3.77,0.78,0.007,14.66
2024-10-17,0.915,0.907,0.926,0.907,2815234,258351479.0,2.09,-0.33,-0.003,11.45
2024-10-18,0.904,0.945,0.959,0.904,4088498,381129254.0,6.06,4.19,0.038,16.63
2024-10-21,0.941,0.961,0.974,0.936,6085346,581092022.0,4.02,1.69,0.016,24.75
2024-10-22,0.953,0.968,0.979,0.952,6172836,597825243.0,2.81,0.73,0.007,25.11
2024-10-23,0.966,0.967,0.985,0.961,4274459,414109990.0,2.48,-0.1,-0.001,17.39
2024-10-24,0.962,0.966,0.968,0.956,1947744,187507464.0,1.24,-0.1,-0.001,7.92
2024-10-25,0.966,0.992,0.996,0.966,6331954,625572839.0,3.11,2.69,0.026,25.75
2024-10-28,0.993,1.024,1.024,0.991,8504426,859913126.0,3.33,3.23,0.032,34.59
2024-10-29,1.025,0.998,1.033,0.996,10132377,1025667129.0,3.61,-2.54,-0.026,41.21
2024-10-30,0.987,1.005,1.01,0.982,8088834,806762118.0,2.81,0.7,0.007,32.9
2024-10-31,1.004,1.028,1.036,1.003,6827349,699648871.0,3.28,2.29,0.023,27.77
2024-11-01,1.023,0.981,1.029,0.98,5330251,532644888.0,4.77,-4.57,-0.047,21.68
2024-11-04,0.975,1.008,1.008,0.975,4014197,399441740.0,3.36,2.75,0.027,16.33
2024-11-05,1.003,1.037,1.04,1.002,3768217,387742058.0,3.77,2.88,0.029,15.33
2024-11-06,1.036,1.05,1.058,1.035,3106436,325434068.0,2.22,1.25,0.013,12.63
2024-11-07,1.036,1.074,1.076,1.03,4856992,516608028.0,4.38,2.29,0.024,19.75
2024-11-08,1.077,1.077,1.091,1.07,4413944,476841674.0,1.96,0.28,0.003,17.95
2024-11-11,1.066,1.103,1.107,1.066,3363140,365623411.0,3.81,2.41,0.026,13.68
2024-11-12,1.101,1.083,1.105,1.072,5173325,564571364.0,2.99,-1.81,-0.02,21.04
2024-11-13,1.08,1.087,1.089,1.057,3508077,376626650.0,2.95,0.37,0.004,14.27
2024-11-14,1.081,1.052,1.084,1.05,7147332,760617050.0,3.13,-3.22,-0.035,29.07
2024-11-15,1.048,1.036,1.068,1.03,3954678,414297503.0,3.61,-1.52,-0.016,16.08
2024-11-18,1.034,1.002,1.041,0.995,5472459,551070044.0,4.44,-3.28,-0.034,22.26
2024-11-19,1.003,1.033,1.033,0.997,3401721,344746000.0,3.59,3.09,0.031,13.84
2024-11-20,1.024,1.061,1.064,1.024,4075337,427600707.0,3.87,2.71,0.028,16.58
2024-11-21,1.059,1.061,1.068,1.049,2944104,311982804.0,1.79,0.0,0.0,11.97
2024-11-22,1.056,1.029,1.067,1.022,3678870,385152721.0,4.24,-3.02,-0.032,14.96
2024-11-25,1.023,1.044,1.045,1.012,3242863,334098990.0,3.21,1.46,0.015,13.19
2024-11-26,1.039,1.031,1.054,1.03,2819159,293348969.0,2.3,-1.25,-0.013,11.47
2024-11-27,1.025,1.056,1.056,1.006,3839872,396331520.0,4.85,2.42,0.025,15.62
2024-11-28,1.054,1.061,1.076,1.053,3293434,350851496.0,2.18,0.47,0.005,13.4
2024-11-29,1.054,1.08,1.085,1.048,4729212,507182062.0,3.49,1.79,0.019,19.23
2024-12-02,1.08,1.101,1.104,1.078,4204163,460251365.0,2.41,1.94,0.021,17.1
2024-12-03,1.102,1.1,1.108,1.088,3876152,426433628.0,1.82,-0.09,-0.001,15.77
2024-12-04,1.097,1.084,1.103,1.077,5824514,634956527.0,2.36,-1.45,-0.016,23.69
2024-12-05,1.076,1.106,1.107,1.076,5849477,641817690.0,2.86,2.03,0.022,23.79
2024-12-06,1.107,1.116,1.121,1.096,5833358,646505939.0,2.26,0.9,0.01,23.73
2024-12-09,1.112,1.111,1.121,1.1,3704906,411620134.0,1.88,-0.45,-0.005,15.07
2024-12-10,1.154,1.125,1.157,1.121,5313306,603319627.0,3.24,1.26,0.014,21.61
2024-12-11,1.121,1.143,1.144,1.118,5466682,618736898.0,2.31,1.6,0.018,22.23
2024-12-12,1.14,1.152,1.153,1.13,4402321,503033862.0,2.01,0.79,0.009,17.91
2024-12-13,1.144,1.133,1.152,1.133,4808497,549279147.0,1.65,-1.65,-0.019,19.56
2024-12-16,1.132,1.122,1.139,1.113,5028134,566924154.0,2.29,-0.97,-0.011,20.45
2024-12-17,1.119,1.075,1.119,1.071,5756807,627403930.0,4.28,-4.19,-0.047,23.41
2024-12-18,1.072,1.085,1.095,1.059,5359597,578331812.0,3.35,0.93,0.01,21.8
2024-12-19,1.07,1.087,1.09,1.066,4175368,450643940.0,2.21,0.18,0.002,16.98
2024-12-20,1.082,1.1,1.108,1.081,4289831,472075803.0,2.48,1.2,0.013,17.45
2024-12-23,1.095,1.047,1.097,1.043,7752476,827827359.0,4.91,-4.82,-0.053,31.53
2024-12-24,1.05,1.06,1.062,1.037,5137575,540431269.0,2.39,1.24,0.013,20.9
2024-12-25,1.054,1.036,1.054,1.02,11915710,1231588592.0,3.21,-2.26,-0.024,48.46
2024-12-26,1.035,1.053,1.058,1.032,8765857,918468728.0,2.51,1.64,0.017,35.65
2024-12-27,1.047,1.056,1.07,1.047,6513749,690330026.0,2.18,0.28,0.003,26.49
2024-12-30,1.049,1.047,1.054,1.031,7121273,744405698.0,2.18,-0.85,-0.009,28.96
2024-12-31,1.048,1.016,1.052,1.014,5109049,525268127.0,3.63,-2.96,-0.031,20.78
2025-01-02,1.011,1.003,1.033,0.991,7297713,740351997.0,4.13,-1.28,-0.013,29.68
2025-01-03,1.005,0.96,1.009,0.958,8240715,804271073.0,5.08,-4.29,-0.043,33.52
2025-01-06,0.954,0.952,0.966,0.93,5966220,566863463.0,3.75,-0.83,-0.008,24.27
2025-01-07,0.951,0.98,0.981,0.949,6821135,658171908.0,3.36,2.94,0.028,27.74
2025-01-08,0.973,0.983,0.991,0.948,7605332,739150304.0,4.39,0.31,0.003,30.93
2025-01-09,0.973,0.984,0.991,0.973,4662327,459422727.0,1.83,0.1,0.001,18.96
2025-01-10,0.981,0.956,0.993,0.955,3991111,388306262.0,3.86,-2.85,-0.028,16.23
2025-01-13,0.943,0.955,0.963,0.93,3915097,370846360.0,3.45,-0.1,-0.001,15.92
2025-01-14,0.958,1.007,1.007,0.957,12339340,1222628815.0,5.24,5.45,0.052,50.19
2025-01-15,1.003,1.0,1.01,0.996,7136911,714409859.0,1.39,-0.7,-0.007,29.03
2025-01-16,1.003,1.01,1.023,0.995,8627208,869551480.0,2.8,1.0,0.01,35.09
2025-01-17,1.004,1.008,1.016,0.996,4801717,483320339.0,1.98,-0.2,-0.002,19.53
2025-01-20,1.016,1.018,1.023,1.004,5374162,546321246.0,1.88,0.99,0.01,21.86
2025-01-21,1.022,1.021,1.025,1.004,4428456,449261687.0,2.06,0.29,0.003,18.01
2025-01-22,1.013,1.008,1.019,1.003,3805231,384323607.0,1.57,-1.27,-0.013,15.48
2025-01-23,1.018,1.005,1.03,1.004,5825527,593683773.0,2.58,-0.3,-0.003,23.69
2025-01-24,1.001,1.02,1.023,0.998,5723814,579873216.0,2.49,1.49,0.015,23.28
2025-01-27,1.028,1.006,1.029,1.005,4276000,434129344.0,2.35,-1.37,-0.014,17.39
2025-02-05,1.01,1.018,1.023,1.009,3640364,369798445.0,1.39,1.19,0.012,14.81
2025-02-06,1.016,1.048,1.049,1.011,5291736,548744784.0,3.73,2.95,0.03,21.52
2025-02-07,1.047,1.06,1.072,1.044,7784830,824520478.0,2.67,1.15,0.012,31.66
2025-02-10,1.061,1.084,1.085,1.059,5473794,586748586.0,2.45,2.26,0.024,22.26
2025-02-11,1.084,1.08,1.089,1.071,5129924,553848109.0,1.66,-0.37,-0.004,20.86
2025-02-12,1.076,1.097,1.098,1.076,4354369,474169797.0,2.04,1.57,0.017,17.71
2025-02-13,1.093,1.08,1.097,1.078,6449777,701823273.0,1.73,-1.55,-0.017,26.23
2025-02-14,1.076,1.078,1.084,1.073,5133380,553360202.0,1.02,-0.19,-0.002,20.88
2025-02-17,1.076,1.101,1.103,1.076,4723180,516391885.0,2.5,2.13,0.023,19.21
2025-02-18,1.094,1.068,1.099,1.064,4437958,479976612.0,3.18,-3.0,-0.033,18.05
2025-02-19,1.065,1.101,1.101,1.065,4862495,529634171.0,3.37,3.09,0.033,19.78
2025-02-20,1.1,1.115,1.12,1.098,3799465,421432782.0,2.0,1.27,0.014,15.45
2025-02-21,1.115,1.129,1.13,1.104,4646308,519905998.0,2.33,1.26,0.014,18.9
2025-02-24,1.121,1.125,1.133,1.113,5628486,631259454.0,1.77,-0.35,-0.004,22.89
2025-02-25,1.108,1.127,1.136,1.1,4840543,543903564.0,3.2,0.18,0.002,19.69
2025-02-26,1.126,1.146,1.147,1.125,2903641,330579794.0,1.95,1.69,0.019,11.81
2025-02-27,1.145,1.139,1.148,1.119,4488478,508296019.0,2.53,-0.61,-0.007,18.26
2025-02-28,1.13,1.093,1.134,1.09,5638180,625844124.0,3.86,-4.04,-0.046,22.93
2025-03-03,1.094,1.095,1.115,1.086,4781359,526987803.0,2.65,0.18,0.002,19.45
2025-03-04,1.087,1.112,1.113,1.085,3335963,367880544.0,2.56,1.55,0.017,13.57
2025-03-05,1.108,1.118,1.119,1.098,2704702,299786402.0,1.89,0.54,0.006,11.0
2025-03-06,1.125,1.142,1.145,1.122,3319609,376639900.0,2.06,2.15,0.024,13.5
2025-03-07,1.136,1.131,1.146,1.122,3436750,390275982.0,2.1,-0.96,-0.011,13.98
2025-03-10,1.129,1.137,1.138,1.126,2031038,230079469.0,1.06,0.53,0.006,8.26
2025-03-11,1.122,1.141,1.141,1.119,1977860,223435728.0,1.93,0.35,0.004,8.04
2025-03-12,1.144,1.146,1.156,1.142,2258972,259597113.0,1.23,0.44,0.005,9.19
2025-03-13,1.143,1.128,1.146,1.114,2921259,329161656.0,2.79,-1.57,-0.018,11.88
2025-03-14,1.126,1.147,1.148,1.116,4987827,568095386.0,2.84,1.68,0.019,20.29
2025-03-17,1.148,1.154,1.16,1.144,3547109,408947720.0,1.39,0.61,0.007,14.43
2025-03-18,1.156,1.162,1.165,1.152,2265990,262455996.0,1.13,0.69,0.008,9.22
2025-03-19,1.159,1.156,1.163,1.15,2946813,340547084.0,1.12,-0.52,-0.006,11.99
2025-03-20,1.153,1.156,1.168,1.148,2608277,302315962.0,1.73,0.0,0.0,10.61
2025-03-21,1.151,1.134,1.153,1.131,4103226,468587343.0,1.9,-1.9,-0.022,16.69
2025-03-24,1.132,1.115,1.136,1.089,4604840,510584239.0,4.14,-1.68,-0.019,18.73
2025-03-25,1.109,1.104,1.117,1.098,4073122,451515888.0,1.7,-0.99,-0.011,16.57
2025-03-26,1.102,1.116,1.129,1.101,3985431,444971894.0,2.54,1.09,0.012,16.21
2025-03-27,1.113,1.11,1.121,1.098,3065482,340228414.0,2.06,-0.54,-0.006,12.47
2025-03-28,1.106,1.093,1.112,1.092,2413406,265389696.0,1.8,-1.53,-0.017,9.82
2025-03-31,1.082,1.081,1.085,1.061,2777107,298003735.0,2.2,-1.1,-0.012,11.3
2025-04-01,1.081,1.092,1.099,1.08,2544762,278039914.0,1.76,1.02,0.011,10.35
2025-04-02,1.09,1.095,1.103,1.086,2188872,240122052.0,1.56,0.27,0.003,8.9
2025-04-03,1.085,1.082,1.099,1.073,2715003,295239950.0,2.37,-1.19,-0.013,11.04
2025-04-07,1.02,0.974,1.031,0.974,3708653,365864986.0,5.27,-9.98,-0.108,15.08
2025-04-08,0.951,0.945,0.972,0.922,6791781,641363027.0,5.13,-2.98,-0.029,27.62
2025-04-09,0.922,0.972,0.979,0.878,10539565,982205288.0,10.69,2.86,0.027,42.87
2025-04-10,0.985,1.002,1.015,0.983,7859359,786974917.0,3.29,3.09,0.03,31.97
2025-04-11,0.99,1.01,1.022,0.989,5904813,596283952.0,3.29,0.8,0.008,24.02
2025-04-14,1.019,1.031,1.04,1.019,3484058,359442254.0,2.08,2.08,0.021,14.17
2025-04-15,1.03,1.033,1.035,1.02,3151401,323609941.0,1.45,0.19,0.002,12.82
2025-04-16,1.027,1.012,1.028,0.999,4633861,468620828.0,2.81,-2.03,-0.021,18.85
2025-04-17,1.006,1.02,1.029,1.005,3188451,325619859.0,2.37,0.79,0.008,12.97
2025-04-18,1.019,1.017,1.024,1.008,2378696,241778332.0,1.57,-0.29,-0.003,9.67
2025-04-21,1.016,1.041,1.043,1.01,2844281,293200671.0,3.24,2.36,0.024,11.57
2025-04-22,1.041,1.04,1.045,1.034,2240048,232822326.0,1.06,-0.1,-0.001,9.11
2025-04-23,1.048,1.052,1.058,1.045,3131119,328911346.0,1.25,1.15,0.012,12.73
2025-04-24,1.05,1.039,1.053,1.033,2613441,272282899.0,1.9,-1.24,-0.013,10.63
2025-04-25,1.042,1.041,1.051,1.034,2666574,278512802.0,1.64,0.19,0.002,10.85
2025-04-28,1.04,1.028,1.042,1.024,2420396,249424796.0,1.73,-1.25,-0.013,9.84
2025-04-29,1.026,1.036,1.041,1.02,2976532,308231577.0,2.04,0.78,0.008,12.11
2025-04-30,1.04,1.05,1.053,1.038,3691689,386543428.0,1.45,1.35,0.014,15.01
2025-05-06,1.058,1.081,1.082,1.056,4544381,487393791.0,2.48,2.95,0.031,18.48
2025-05-07,1.095,1.09,1.113,1.076,5188197,565441485.0,3.42,0.83,0.009,21.1
2025-05-08,1.085,1.1,1.102,1.082,3038699,333285976.0,1.83,0.92,0.01,12.36
2025-05-09,1.099,1.085,1.099,1.077,6654652,722288895.0,2.0,-1.36,-0.015,27.07
2025-05-12,1.092,1.1,1.101,1.086,4783819,522821215.0,1.38,1.38,0.015,19.46
2025-05-13,1.109,1.094,1.109,1.093,3807717,418749679.0,1.45,-0.55,-0.006,15.49
2025-05-14,1.094,1.097,1.103,1.089,4435090,485749221.0,1.28,0.27,0.003,18.04
2025-05-15,1.095,1.082,1.095,1.08,4034082,437521974.0,1.37,-1.37,-0.015,16.41
2025-05-16,1.079,1.09,1.096,1.076,4181244,455810602.0,1.85,0.74,0.008,17.01
2025-05-19,1.09,1.099,1.1,1.08,3472007,378548614.0,1.83,0.83,0.009,14.12
2025-05-20,1.099,1.11,1.111,1.093,2791949,308498762.0,1.64,1.0,0.011,11.36
2025-05-21,1.106,1.101,1.108,1.096,3665007,403533272.0,1.08,-0.81,-0.009,14.91
2025-05-22,1.096,1.088,1.11,1.088,3440555,377213864.0,2.0,-1.18,-0.013,13.99
2025-05-23,1.087,1.077,1.099,1.076,3790690,411336728.0,2.11,-1.01,-0.011,15.42
2025-05-26,1.076,1.091,1.091,1.072,3660454,396848626.0,1.76,1.3,0.014,14.89
2025-05-27,1.09,1.094,1.096,1.081,2627227,286115917.0,1.37,0.27,0.003,10.69
2025-05-28,1.093,1.089,1.099,1.087,3680482,401747344.0,1.1,-0.46,-0.005,14.97
2025-05-29,1.091,1.113,1.113,1.089,3765642,416505249.0,2.2,2.2,0.024,15.32
2025-05-30,1.108,1.092,1.108,1.091,3414413,374426331.0,1.53,-1.89,-0.021,13.89
2025-06-03,1.088,1.1,1.103,1.087,2935711,322320370.0,1.47,0.73,0.008,11.94
2025-06-04,1.101,1.112,1.112,1.1,2023084,224048486.0,1.09,1.09,0.012,8.23
2025-06-05,1.113,1.116,1.119,1.103,2138418,237740246.0,1.44,0.36,0.004,8.7
2025-06-06,1.114,1.113,1.115,1.108,1265155,140613707.0,0.63,-0.27,-0.003,5.15
2025-06-09,1.114,1.129,1.13,1.114,1862852,209409207.0,1.44,1.44,0.016,7.58
2025-06-10,1.131,1.118,1.131,1.104,2859962,319807862.0,2.39,-0.97,-0.011,11.63
2025-06-11,1.119,1.122,1.128,1.117,2149162,241518148.0,0.98,0.36,0.004,8.74
2025-06-12,1.118,1.127,1.131,1.115,2649180,298091489.0,1.43,0.45,0.005,10.77
2025-06-13,1.123,1.106,1.125,1.105,4784699,531383111.0,1.77,-1.86,-0.021,19.46
2025-06-16,1.103,1.117,1.119,1.102,2618080,292028610.0,1.54,0.99,0.011,10.65
2025-06-17,1.118,1.117,1.123,1.11,1746382,194995364.0,1.16,0.0,0.0,7.1
2025-06-18,1.114,1.115,1.117,1.103,2623430,290728487.0,1.25,-0.18,-0.002,10.67
2025-06-19,1.111,1.092,1.115,1.09,2854314,313477918.0,2.24,-2.06,-0.023,11.61
2025-06-20,1.094,1.082,1.097,1.081,2678299,291217242.0,1.47,-0.92,-0.01,10.89
2025-06-23,1.076,1.104,1.104,1.074,3107239,339650275.0,2.77,2.03,0.022,12.64
2025-06-24,1.105,1.13,1.131,1.104,4312577,483935680.0,2.45,2.36,0.026,17.54
2025-06-25,1.133,1.138,1.139,1.125,3801695,430925414.0,1.24,0.71,0.008,15.46
2025-06-26,1.138,1.133,1.146,1.13,3355310,381935715.0,1.41,-0.44,-0.005,13.65
2025-06-27,1.137,1.137,1.144,1.133,3025631,344511181.0,0.97,0.35,0.004,12.31
2025-06-30,1.14,1.156,1.157,1.139,2267835,260681858.0,1.58,1.67,0.019,9.22
2025-07-01,1.156,1.16,1.162,1.146,2353703,271751717.0,1.38,0.35,0.004,9.57
2025-07-02,1.157,1.151,1.157,1.145,1921947,221114571.0,1.03,-0.78,-0.009,7.82
2025-07-03,1.151,1.158,1.16,1.147,1840269,212393458.0,1.13,0.61,0.007,7.48
2025-07-04,1.157,1.145,1.159,1.142,3555762,408431132.0,1.47,-1.12,-0.013,14.46
2025-07-07,1.144,1.151,1.153,1.142,2323062,266986683.0,0.96,0.52,0.006,9.45
2025-07-08,1.151,1.17,1.17,1.15,3194188,371667908.0,1.74,1.65,0.019,12.99
2025-07-09,1.171,1.166,1.177,1.163,2234865,261345753.0,1.2,-0.34,-0.004,9.09
2025-07-10,1.166,1.167,1.172,1.161,2226951,259799869.0,0.94,0.09,0.001,9.06
2025-07-11,1.169,1.175,1.178,1.161,4978071,583068639.0,1.46,0.69,0.008,20.25
2025-07-14,1.174,1.178,1.182,1.171,3418518,402383765.0,0.94,0.26,0.003,13.9
2025-07-15,1.177,1.171,1.177,1.157,3393163,395963545.0,1.7,-0.59,-0.007,13.8
2025-07-16,1.171,1.177,1.181,1.168,2504811,294748235.0,1.11,0.51,0.006,10.19
2025-07-17,1.176,1.19,1.19,1.173,3559991,421428790.0,1.44,1.1,0.013,14.48
2025-07-18,1.192,1.19,1.194,1.182,2425324,288094597.0,1.01,0.0,0.0,9.86
2025-07-21,1.191,1.208,1.208,1.19,2357071,283343612.0,1.51,1.51,0.018,9.59
2025-07-22,1.209,1.209,1.21,1.199,3247112,391599348.0,0.91,0.08,0.001,13.21
2025-07-23,1.208,1.197,1.209,1.195,2328273,279717700.0,1.16,-0.99,-0.012,9.47
2025-07-24,1.198,1.21,1.212,1.196,2361809,284930570.0,1.34,1.09,0.013,9.61
2025-07-25,1.21,1.213,1.215,1.205,2107639,255300606.0,0.83,0.25,0.003,8.57
2025-07-28,1.214,1.218,1.221,1.211,2169424,263972600.0,0.82,0.41,0.005,8.82
2025-07-29,1.217,1.225,1.226,1.208,1961710,238255256.0,1.48,0.57,0.007,7.98
2025-07-30,1.22,1.213,1.22,1.202,2183131,264854961.0,1.47,-0.98,-0.012,8.88
2025-07-31,1.209,1.203,1.222,1.2,2980282,361235209.0,1.81,-0.82,-0.01,12.12
2025-08-01,1.205,1.207,1.211,1.202,3342592,403471855.0,0.75,0.33,0.004,13.6
2025-08-04,1.203,1.227,1.228,1.197,3678509,447766216.0,2.57,1.66,0.02,14.96
2025-08-05,1.227,1.24,1.244,1.226,2236679,276013707.0,1.47,1.06,0.013,9.1
2025-08-06,1.242,1.251,1.253,1.236,3320111,414290363.0,1.37,0.89,0.011,13.5
2025-08-07,1.253,1.251,1.255,1.243,2364846,295696705.0,0.96,0.0,0.0,9.62
2025-08-08,1.249,1.246,1.25,1.239,2370195,295189080.0,0.88,-0.4,-0.005,9.64
2025-08-11,1.248,1.266,1.267,1.247,3471336,437741763.0,1.61,1.61,0.02,14.12
2025-08-12,1.266,1.269,1.269,1.255,2803483,353996717.0,1.11,0.24,0.003,11.4
2025-08-13,1.271,1.279,1.28,1.265,3716581,473017519.0,1.18,0.79,0.01,15.12
2025-08-14,1.277,1.255,1.279,1.254,4250662,538172131.0,1.95,-1.88,-0.024,17.29
2025-08-15,1.254,1.28,1.28,1.253,4093923,520370265.0,2.15,1.99,0.025,16.65
2025-08-18,1.287,1.302,1.308,1.284,3379843,438358172.0,1.88,1.72,0.022,13.75
2025-08-19,1.305,1.313,1.319,1.297,2668798,349324572.0,1.69,0.84,0.011,10.85
2025-08-20,1.306,1.323,1.324,1.298,2971413,389856735.0,1.98,0.76,0.01,12.09
2025-08-21,1.329,1.316,1.329,1.308,3196654,421794232.0,1.59,-0.53,-0.007,13.0
2025-08-22,1.319,1.325,1.327,1.311,4695421,619670753.0,1.22,0.68,0.009,19.1
2025-08-25,1.336,1.334,1.339,1.32,6690992,888541365.0,1.43,0.68,0.009,27.21
2025-08-26,1.331,1.334,1.343,1.324,2578939,344178763.0,1.42,0.0,0.0,10.49
2025-08-27,1.332,1.304,1.343,1.3,4054472,538477295.0,3.22,-2.25,-0.03,16.49
2025-08-28,1.306,1.312,1.317,1.268,5077322,658526732.0,3.76,0.61,0.008,20.65
2025-08-29,1.307,1.308,1.319,1.298,3672404,480758641.0,1.6,-0.3,-0.004,14.94
2025-09-01,1.308,1.325,1.33,1.307,3562699,470146527.0,1.76,1.3,0.017,14.49
2025-09-02,1.325,1.297,1.325,1.283,4083433,530891936.0,3.17,-2.11,-0.028,16.61
2025-09-03,1.3,1.272,1.305,1.268,2466259,317073946.0,2.85,-1.93,-0.025,10.03
2025-09-04,1.275,1.259,1.285,1.24,3875545,492080124.0,3.54,-1.02,-0.013,15.76
2025-09-05,1.262,1.295,1.297,1.254,4337690,554415059.0,3.42,2.86,0.036,17.64
2025-09-08,1.295,1.307,1.309,1.289,4854687,632087675.0,1.54,0.93,0.012,19.75
2025-09-09,1.307,1.29,1.307,1.282,2305370,298088902.0,1.91,-1.3,-0.017,9.38
2025-09-10,1.288,1.291,1.301,1.282,1785050,230771253.0,1.47,0.08,0.001,7.26
2025-09-11,1.29,1.316,1.316,1.274,3398278,441522884.0,3.25,1.94,0.025,13.82
2025-09-12,1.315,1.309,1.319,1.303,2183961,286586467.0,1.22,-0.53,-0.007,8.88
2025-09-15,1.31,1.305,1.314,1.303,2623729,343025252.0,0.84,-0.31,-0.004,10.67
2025-09-16,1.309,1.328,1.328,1.302,2548649,336008689.0,1.99,1.76,0.023,10.37
2025-09-17,1.326,1.33,1.336,1.321,1844935,245270300.0,1.13,0.15,0.002,7.5
2025-09-18,1.329,1.316,1.348,1.302,2631177,349038221.0,3.46,-1.05,-0.014,10.7
2025-09-19,1.316,1.305,1.322,1.297,1607828,210442352.0,1.9,-0.84,-0.011,6.54
2025-09-22,1.31,1.314,1.314,1.298,1344265,175770885.0,1.23,0.69,0.009,5.47
2025-09-23,1.314,1.294,1.318,1.27,2558244,328739486.0,3.65,-1.52,-0.02,10.4
2025-09-24,1.288,1.319,1.32,1.281,2313058,301832960.0,3.01,1.93,0.025,9.41
2025-09-25,1.319,1.308,1.325,1.304,1603400,210643615.0,1.59,-0.83,-0.011,6.52
2025-09-26,1.303,1.291,1.311,1.291,1612791,209575403.0,1.53,-1.3,-0.017,6.56
2025-09-29,1.293,1.303,1.305,1.281,2438061,315615152.0,1.86,0.93,0.012,9.92
2025-09-30,1.306,1.305,1.313,1.301,2113474,276320001.0,0.92,0.15,0.002,8.6
2025-10-09,1.31,1.315,1.319,1.304,1768034,232054382.0,1.15,0.77,0.01,7.19
2025-10-10,1.312,1.305,1.319,1.303,1742203,228145303.0,1.22,-0.76,-0.01,7.09
2025-10-13,1.261,1.303,1.309,1.255,2346616,301476149.0,4.14,-0.15,-0.002,9.54
2025-10-14,1.308,1.287,1.324,1.28,2126045,277107531.0,3.38,-1.23,-0.016,8.65
2025-10-15,1.285,1.309,1.309,1.276,1990422,258119421.0,2.56,1.71,0.022,8.1
2025-10-16,1.306,1.291,1.308,1.287,1179761,152968637.0,1.6,-1.38,-0.018,4.8
2025-10-17,1.291,1.256,1.294,1.255,1499326,190756215.0,3.02,-2.71,-0.035,6.1
2025-10-20,1.273,1.28,1.283,1.266,1633171,208207205.0,1.35,1.91,0.024,6.64
2025-10-21,1.282,1.305,1.306,1.273,2442004,315912590.0,2.58,1.95,0.025,9.93
2025-10-22,1.301,1.297,1.308,1.291,1407473,183067509.0,1.3,-0.61,-0.008,5.72
2025-10-23,1.294,1.297,1.299,1.276,1999511,257102741.0,1.77,0.0,0.0,8.13
2025-10-24,1.297,1.311,1.312,1.297,1876719,245270854.0,1.16,1.08,0.014,7.63
2025-10-27,1.315,1.322,1.325,1.311,1411349,186131230.0,1.07,0.84,0.011,5.74
2025-10-28,1.32,1.325,1.333,1.313,1777493,235418061.0,1.51,0.23,0.003,7.23
2025-10-29,1.326,1.33,1.332,1.313,2099012,277663223.0,1.43,0.38,0.005,8.54
2025-10-30,1.327,1.306,1.327,1.303,1713202,224697412.0,1.8,-1.8,-0.024,6.97
2025-10-31,1.311,1.32,1.325,1.306,4443580,586518470.0,1.45,1.07,0.014,18.07
2025-11-03,1.318,1.323,1.324,1.305,2665311,351021023.0,1.44,0.23,0.003,10.84
2025-11-04,1.321,1.313,1.322,1.301,2776620,364005019.0,1.59,-0.76,-0.01,11.29
2025-11-05,1.298,1.323,1.326,1.294,2875444,378010083.0,2.44,0.76,0.01,11.7
2025-11-06,1.324,1.333,1.334,1.316,2650211,351743721.0,1.36,0.76,0.01,10.78
2025-11-07,1.33,1.327,1.335,1.32,1349508,179294755.0,1.13,-0.45,-0.006,5.49
2025-11-10,1.33,1.337,1.339,1.327,1551128,206903651.0,0.9,0.75,0.01,6.31
2025-11-11,1.341,1.34,1.348,1.338,1909244,256509964.0,0.75,0.22,0.003,7.77
2025-11-12,1.341,1.334,1.341,1.322,2296134,305474371.0,1.42,-0.45,-0.006,9.34
2025-11-13,1.33,1.349,1.354,1.326,2361952,317398484.0,2.1,1.12,0.015,9.61
2025-11-14,1.344,1.344,1.356,1.338,2382055,321242127.0,1.33,-0.37,-0.005,9.69
2025-11-17,1.341,1.345,1.348,1.337,1988991,267094886.0,0.82,0.07,0.001,8.09
2025-11-18,1.342,1.331,1.343,1.324,2452578,326848852.0,1.41,-1.04,-0.014,9.98
2025-11-19,1.331,1.312,1.334,1.306,2452113,322485744.0,2.1,-1.43,-0.019,9.97
2025-11-20,1.316,1.304,1.321,1.299,2079141,271890484.0,1.68,-0.61,-0.008,8.46
2025-11-21,1.294,1.25,1.298,1.248,4592281,582931141.0,3.83,-4.14,-0.054,18.68
2025-11-24,1.254,1.271,1.279,1.251,3584088,453618444.0,2.24,1.68,0.021,14.58
2025-11-25,1.275,1.293,1.301,1.275,3338802,431449590.0,2.05,1.73,0.022,13.58
2025-11-26,1.291,1.286,1.304,1.284,2440181,315505073.0,1.55,-0.54,-0.007,9.92
2025-11-27,1.286,1.295,1.305,1.282,2336704,302897643.0,1.79,0.7,0.009,9.5
2025-11-28,1.295,1.316,1.319,1.29,2600775,339851617.0,2.24,1.62,0.021,10.58
2025-12-01,1.316,1.324,1.326,1.314,1994386,263467112.0,0.91,0.61,0.008,8.11
2025-12-02,1.321,1.316,1.322,1.31,1443474,189880918.0,0.91,-0.6,-0.008,5.87
2025-12-03,1.318,1.305,1.322,1.301,1388467,181648064.0,1.6,-0.84,-0.011,5.65
2025-12-04,1.305,1.298,1.308,1.289,1482079,192376185.0,1.46,-0.54,-0.007,6.03
2025-12-05,1.298,1.322,1.323,1.291,3151317,412573033.0,2.47,1.85,0.024,12.82
2025-12-08,1.324,1.341,1.344,1.324,2180016,291220801.0,1.51,1.44,0.019,8.87
2025-12-09,1.338,1.33,1.344,1.329,2288037,305716655.0,1.12,-0.82,-0.011,9.31
2025-12-10,1.33,1.335,1.338,1.32,1744074,231827690.0,1.35,0.38,0.005,7.09
2025-12-11,1.335,1.314,1.338,1.312,1746810,230972082.0,1.95,-1.57,-0.021,7.1
2025-12-12,1.317,1.32,1.33,1.31,1988528,262721002.0,1.52,0.46,0.006,8.09
2025-12-15,1.31,1.315,1.329,1.31,1684932,222193051.0,1.44,-0.38,-0.005,6.85
2025-12-16,1.313,1.293,1.313,1.286,1680304,217958663.0,2.05,-1.67,-0.022,6.83
2025-12-17,1.292,1.307,1.308,1.279,2378490,307674168.0,2.24,1.08,0.014,9.67
2025-12-18,1.299,1.306,1.321,1.295,2095885,274704998.0,1.99,-0.08,-0.001,8.52
2025-12-19,1.314,1.328,1.33,1.31,1747691,231386459.0,1.53,1.68,0.022,7.11
2025-12-22,1.331,1.338,1.344,1.329,1562217,208869588.0,1.13,0.75,0.01,6.35
2025-12-23,1.336,1.332,1.341,1.328,1358948,181329613.0,0.97,-0.45,-0.006,5.53
2025-12-24,1.335,1.357,1.358,1.331,2124659,286580698.0,2.03,1.88,0.025,8.64
2025-12-25,1.36,1.372,1.373,1.353,2174799,297144076.0,1.47,1.11,0.015,8.85
2025-12-26,1.374,1.366,1.379,1.357,2551083,349762126.0,1.6,-0.44,-0.006,10.38
2025-12-29,1.37,1.365,1.372,1.357,1832974,250213813.0,1.1,-0.07,-0.001,7.46
2025-12-30,1.363,1.366,1.377,1.356,1850749,253288866.0,1.54,0.07,0.001,7.53
2025-12-31,1.368,1.368,1.373,1.354,2509093,342123433.0,1.39,0.15,0.002,10.21
2026-01-05,1.375,1.39,1.391,1.368,2293792,317319827.0,1.68,1.61,0.022,9.33
2026-01-06,1.391,1.409,1.409,1.39,1652643,231645633.0,1.37,1.37,0.019,6.72
2026-01-07,1.41,1.413,1.422,1.403,2048846,289540188.0,1.35,0.28,0.004,8.33
2026-01-08,1.407,1.43,1.433,1.407,2650552,377948880.0,1.84,1.2,0.017,10.78
2026-01-09,1.43,1.453,1.454,1.426,2385846,344340496.0,1.96,1.61,0.023,9.7
2026-01-12,1.455,1.494,1.496,1.454,3873645,571853894.0,2.89,2.82,0.041,15.76
2026-01-13,1.495,1.47,1.498,1.46,5393352,797846347.0,2.54,-1.61,-0.024,21.94
2026-01-14,1.47,1.477,1.507,1.453,4115381,609094637.0,3.67,0.48,0.007,16.74
2026-01-15,1.464,1.468,1.476,1.454,2278600,333743179.0,1.49,-0.61,-0.009,9.27
2026-01-16,1.481,1.476,1.483,1.46,2567168,378584813.0,1.57,0.54,0.008,10.44
2026-01-19,1.468,1.491,1.494,1.46,2650857,394295641.0,2.3,1.02,0.015,10.78
2026-01-20,1.493,1.479,1.499,1.465,2495212,368977141.0,2.28,-0.8,-0.012,10.15
2026-01-21,1.474,1.496,1.5,1.464,2302193,343163086.0,2.43,1.15,0.017,9.36
2026-01-22,1.505,1.512,1.513,1.496,2163438,325671874.0,1.14,1.07,0.016,8.8
2026-01-23,1.519,1.539,1.541,1.51,4674748,713653657.0,2.05,1.79,0.027,19.01
2026-01-26,1.539,1.515,1.543,1.503,3935563,597777500.0,2.6,-1.56,-0.024,16.01
2026-01-27,1.512,1.527,1.528,1.477,4284794,643735257.0,3.37,0.79,0.012,17.43
2026-01-28,1.521,1.519,1.53,1.511,2278594,346028180.0,1.24,-0.52,-0.008,9.27
2026-01-29,1.516,1.492,1.527,1.489,4058449,610667030.0,2.5,-1.78,-0.027,16.51
2026-01-30,1.487,1.498,1.504,1.461,3550500,528312945.0,2.88,0.4,0.006,14.44
2026-02-02,1.486,1.455,1.496,1.453,3701022,546108687.0,2.87,-2.87,-0.043,15.05
2026-02-03,1.472,1.491,1.493,1.463,4361005,645781955.0,2.06,2.47,0.036,17.74
2026-02-04,1.489,1.493,1.495,1.475,3610109,537389014.0,1.34,0.13,0.002,14.68
2026-02-05,1.487,1.473,1.489,1.468,2554954,377310501.0,1.41,-1.34,-0.02,10.39
2026-02-06,1.458,1.481,1.499,1.455,3006231,446823724.0,2.99,0.54,0.008,12.23
2026-02-09,1.5,1.512,1.512,1.495,3541954,533979714.0,1.15,2.09,0.031,14.41
2026-02-10,1.51,1.51,1.517,1.503,2164190,327064840.0,0.93,-0.13,-0.002,8.8
2026-02-11,1.512,1.506,1.517,1.505,2527079,381777723.0,0.79,-0.26,-0.004,10.28
2026-02-12,1.509,1.512,1.519,1.497,2592541,391758407.0,1.46,0.4,0.006,10.54
2026-02-13,1.504,1.503,1.522,1.501,3006790,454337149.0,1.39,-0.6,-0.009,12.23
2026-02-24,1.518,1.523,1.528,1.502,2890875,439119623.0,1.73,1.33,0.02,11.76
2026-02-25,1.524,1.537,1.542,1.521,2156779,330638385.0,1.38,0.92,0.014,8.77
2026-02-26,1.541,1.555,1.556,1.537,2753963,426237951.0,1.24,1.17,0.018,11.2
2026-02-27,1.545,1.567,1.568,1.54,3682574,572879151.0,1.8,0.77,0.012,14.98
2026-03-02,1.55,1.539,1.558,1.526,4858259,749160094.0,2.04,-1.79,-0.028,19.76
2026-03-03,1.545,1.483,1.549,1.479,4970997,749971733.0,4.55,-3.64,-0.056,20.22
2026-03-04,1.466,1.475,1.497,1.462,4227674,625249261.0,2.36,-0.54,-0.008,17.19
2026-03-05,1.496,1.503,1.514,1.493,3060377,460086059.0,1.42,1.9,0.028,12.45
2026-03-06,1.494,1.522,1.526,1.49,2721595,412059377.0,2.4,1.26,0.019,11.07
2026-03-09,1.49,1.509,1.515,1.473,3846483,574956213.0,2.76,-0.85,-0.013,15.64
2026-03-10,1.52,1.548,1.549,1.518,3783251,582171730.0,2.05,2.58,0.039,15.39
2026-03-11,1.549,1.542,1.559,1.537,2726244,421646740.0,1.42,-0.39,-0.006,11.09
2026-03-12,1.537,1.526,1.544,1.518,2197013,336064623.0,1.69,-1.04,-0.016,8.94
2026-03-13,1.52,1.512,1.534,1.506,2622879,398829292.0,1.83,-0.92,-0.014,10.67
2026-03-16,1.51,1.517,1.517,1.493,3356630,505384331.0,1.59,0.33,0.005,13.65
2026-03-17,1.519,1.479,1.521,1.477,3077361,461207970.0,2.9,-2.5,-0.038,12.52
2026-03-18,1.479,1.501,1.502,1.474,4109275,611324341.0,1.89,1.49,0.022,16.71
2026-03-19,1.478,1.465,1.487,1.457,4351649,640564180.0,2.0,-2.4,-0.036,17.7
2026-03-20,1.47,1.43,1.478,1.427,3852638,560096980.0,3.48,-2.39,-0.035,15.67
2026-03-23,1.4,1.356,1.414,1.342,5513137,759789600.0,5.03,-5.17,-0.074,22.42
2026-03-24,1.37,1.404,1.405,1.356,5850129,809614109.0,3.61,3.54,0.048,22.26
